"file","source","row","col","width","height","avg_brightness","stddev"
"vitorino_184905_r1c1.jpg","Captura de tela 2026-07-23 184905.png","1","1","1080","1350","30,42","54,91"
"vitorino_184905_r1c2.jpg","Captura de tela 2026-07-23 184905.png","1","2","1080","1350","33,26","47,97"
"vitorino_184905_r1c3.jpg","Captura de tela 2026-07-23 184905.png","1","3","1080","1350","33,61","52,98"
"vitorino_184905_r1c4.jpg","Captura de tela 2026-07-23 184905.png","1","4","1080","1350","32,17","50,71"
"vitorino_184905_r2c1.jpg","Captura de tela 2026-07-23 184905.png","2","1","1080","1350","25,8","36,57"
"vitorino_184905_r2c2.jpg","Captura de tela 2026-07-23 184905.png","2","2","1080","1350","46,57","75,38"
"vitorino_184905_r2c4.jpg","Captura de tela 2026-07-23 184905.png","2","4","1080","1350","10,73","11,36"
"vitorino_184921_r1c1.jpg","Captura de tela 2026-07-23 184921.png","1","1","1080","1350","29,21","48,88"
"vitorino_184921_r1c2.jpg","Captura de tela 2026-07-23 184921.png","1","2","1080","1350","38,79","54,82"
"vitorino_184921_r1c3.jpg","Captura de tela 2026-07-23 184921.png","1","3","1080","1350","31,82","48,99"
"vitorino_184921_r1c4.jpg","Captura de tela 2026-07-23 184921.png","1","4","1080","1350","40,92","62,56"
"vitorino_184921_r2c1.jpg","Captura de tela 2026-07-23 184921.png","2","1","1080","1350","39,25","63,16"
"vitorino_184921_r2c2.jpg","Captura de tela 2026-07-23 184921.png","2","2","1080","1350","28,4","37,95"
"vitorino_184921_r2c3.jpg","Captura de tela 2026-07-23 184921.png","2","3","1080","1350","32,09","42,9"
"vitorino_184921_r2c4.jpg","Captura de tela 2026-07-23 184921.png","2","4","1080","1350","28,59","49,95"
"vitorino_184933_r1c1.jpg","Captura de tela 2026-07-23 184933.png","1","1","1080","1350","19,11","37,54"
"vitorino_184933_r1c2.jpg","Captura de tela 2026-07-23 184933.png","1","2","1080","1350","33,84","56,52"
"vitorino_184933_r1c3.jpg","Captura de tela 2026-07-23 184933.png","1","3","1080","1350","10,14","21,77"
"vitorino_184933_r1c4.jpg","Captura de tela 2026-07-23 184933.png","1","4","1080","1350","33,8","58,28"
"vitorino_184933_r2c1.jpg","Captura de tela 2026-07-23 184933.png","2","1","1080","1350","31,37","44,99"
"vitorino_184933_r2c2.jpg","Captura de tela 2026-07-23 184933.png","2","2","1080","1350","28,53","49,89"
"vitorino_184933_r2c3.jpg","Captura de tela 2026-07-23 184933.png","2","3","1080","1350","37,99","62,75"
"vitorino_184933_r2c4.jpg","Captura de tela 2026-07-23 184933.png","2","4","1080","1350","33,19","43,66"
"vitorino_184947_r1c1.jpg","Captura de tela 2026-07-23 184947.png","1","1","1080","1350","31,84","33,39"
"vitorino_184947_r1c2.jpg","Captura de tela 2026-07-23 184947.png","1","2","1080","1350","33,01","32,22"
"vitorino_184947_r1c3.jpg","Captura de tela 2026-07-23 184947.png","1","3","1080","1350","11,2","20,25"
"vitorino_184947_r1c4.jpg","Captura de tela 2026-07-23 184947.png","1","4","1080","1350","24,48","54,73"
"vitorino_184947_r2c1.jpg","Captura de tela 2026-07-23 184947.png","2","1","1080","1350","38,26","66,97"
"vitorino_184947_r2c2.jpg","Captura de tela 2026-07-23 184947.png","2","2","1080","1350","32,01","48,01"
"vitorino_184947_r2c3.jpg","Captura de tela 2026-07-23 184947.png","2","3","1080","1350","33,42","56,6"
"vitorino_184947_r2c4.jpg","Captura de tela 2026-07-23 184947.png","2","4","1080","1350","31,9","57,25"
"vitorino_185000_r1c1.jpg","Captura de tela 2026-07-23 185000.png","1","1","1080","1350","24,2","33,45"
"vitorino_185000_r1c2.jpg","Captura de tela 2026-07-23 185000.png","1","2","1080","1350","39,76","49,26"
"vitorino_185000_r1c3.jpg","Captura de tela 2026-07-23 185000.png","1","3","1080","1350","9,85","21,14"
"vitorino_185000_r1c4.jpg","Captura de tela 2026-07-23 185000.png","1","4","1080","1350","55,17","48,92"
"vitorino_185000_r2c1.jpg","Captura de tela 2026-07-23 185000.png","2","1","1080","1350","32,83","34,58"
"vitorino_185000_r2c2.jpg","Captura de tela 2026-07-23 185000.png","2","2","1080","1350","36,79","33,14"
"vitorino_185000_r2c3.jpg","Captura de tela 2026-07-23 185000.png","2","3","1080","1350","24,38","41,38"
"vitorino_185000_r2c4.jpg","Captura de tela 2026-07-23 185000.png","2","4","1080","1350","27,5","55,37"
"vitorino_185012_r1c1.jpg","Captura de tela 2026-07-23 185012.png","1","1","1080","1350","22,6","40,1"
"vitorino_185012_r1c2.jpg","Captura de tela 2026-07-23 185012.png","1","2","1080","1350","41,84","44,98"
"vitorino_185012_r1c3.jpg","Captura de tela 2026-07-23 185012.png","1","3","1080","1350","35,55","52,02"
"vitorino_185012_r1c4.jpg","Captura de tela 2026-07-23 185012.png","1","4","1080","1350","29,95","44,1"
"vitorino_185012_r2c1.jpg","Captura de tela 2026-07-23 185012.png","2","1","1080","1350","23,93","49,3"
"vitorino_185012_r2c2.jpg","Captura de tela 2026-07-23 185012.png","2","2","1080","1350","36,47","50,55"
"vitorino_185012_r2c3.jpg","Captura de tela 2026-07-23 185012.png","2","3","1080","1350","39,68","48,07"
"vitorino_185012_r2c4.jpg","Captura de tela 2026-07-23 185012.png","2","4","1080","1350","30,29","41,06"
"vitorino_185023_r1c1.jpg","Captura de tela 2026-07-23 185023.png","1","1","1080","1350","13,96","29,26"
"vitorino_185023_r1c2.jpg","Captura de tela 2026-07-23 185023.png","1","2","1080","1350","18,14","38,78"
"vitorino_185023_r1c3.jpg","Captura de tela 2026-07-23 185023.png","1","3","1080","1350","44,25","46,67"
"vitorino_185023_r1c4.jpg","Captura de tela 2026-07-23 185023.png","1","4","1080","1350","66,28","57,71"
"vitorino_185041_r1c1.jpg","Captura de tela 2026-07-23 185041.png","1","1","1080","1350","24,83","35"
"vitorino_185041_r1c2.jpg","Captura de tela 2026-07-23 185041.png","1","2","1080","1350","24,69","34,5"
"vitorino_185041_r1c3.jpg","Captura de tela 2026-07-23 185041.png","1","3","1080","1350","22,21","31,65"
"vitorino_185051_r1c1.jpg","Captura de tela 2026-07-23 185051.png","1","1","1080","1350","29,25","35,79"
"vitorino_185051_r1c2.jpg","Captura de tela 2026-07-23 185051.png","1","2","1080","1350","33,19","38,48"
"vitorino_185051_r1c3.jpg","Captura de tela 2026-07-23 185051.png","1","3","1080","1350","54,95","54,24"
"vitorino_185051_r1c4.jpg","Captura de tela 2026-07-23 185051.png","1","4","1080","1350","59,18","59,3"
"vitorino_185051_r2c1.jpg","Captura de tela 2026-07-23 185051.png","2","1","1080","1350","52,07","52,78"
"vitorino_185051_r2c2.jpg","Captura de tela 2026-07-23 185051.png","2","2","1080","1350","37,54","54,31"
"vitorino_185051_r2c3.jpg","Captura de tela 2026-07-23 185051.png","2","3","1080","1350","75,29","75,59"
"vitorino_185051_r2c4.jpg","Captura de tela 2026-07-23 185051.png","2","4","1080","1350","35,6","47,57"
"vitorino_185103_r1c1.jpg","Captura de tela 2026-07-23 185103.png","1","1","1080","1350","31,58","45,03"
"vitorino_185103_r1c2.jpg","Captura de tela 2026-07-23 185103.png","1","2","1080","1350","35,43","38,63"
"vitorino_185103_r1c3.jpg","Captura de tela 2026-07-23 185103.png","1","3","1080","1350","40,78","48,98"
"vitorino_185103_r1c4.jpg","Captura de tela 2026-07-23 185103.png","1","4","1080","1350","42,35","55,76"
"vitorino_185103_r2c1.jpg","Captura de tela 2026-07-23 185103.png","2","1","1080","1350","44,67","49,71"
"vitorino_185103_r2c2.jpg","Captura de tela 2026-07-23 185103.png","2","2","1080","1350","62,13","82,63"
"vitorino_185103_r2c3.jpg","Captura de tela 2026-07-23 185103.png","2","3","1080","1350","48,95","70,65"
"vitorino_185103_r2c4.jpg","Captura de tela 2026-07-23 185103.png","2","4","1080","1350","49,23","69,37"
"vitorino_185125_r1c1.jpg","Captura de tela 2026-07-23 185125.png","1","1","1080","1350","22,35","25,55"
"vitorino_185125_r1c2.jpg","Captura de tela 2026-07-23 185125.png","1","2","1080","1350","8,53","15,91"
"vitorino_185125_r1c3.jpg","Captura de tela 2026-07-23 185125.png","1","3","1080","1350","40,88","55,28"
"vitorino_185125_r1c4.jpg","Captura de tela 2026-07-23 185125.png","1","4","1080","1350","31,17","43,37"
"vitorino_185125_r2c1.jpg","Captura de tela 2026-07-23 185125.png","2","1","1080","1350","30,8","43,9"
"vitorino_185125_r2c2.jpg","Captura de tela 2026-07-23 185125.png","2","2","1080","1350","34,69","39,06"
"vitorino_185125_r2c3.jpg","Captura de tela 2026-07-23 185125.png","2","3","1080","1350","41,3","49,07"
"vitorino_185125_r2c4.jpg","Captura de tela 2026-07-23 185125.png","2","4","1080","1350","40,19","53,48"
"vitorino_185139_r1c1.jpg","Captura de tela 2026-07-23 185139.png","1","1","1080","1350","51,04","55,17"
"vitorino_185139_r1c2.jpg","Captura de tela 2026-07-23 185139.png","1","2","1080","1350","55,59","55,5"
"vitorino_185139_r1c3.jpg","Captura de tela 2026-07-23 185139.png","1","3","1080","1350","20,09","23,73"
"vitorino_185139_r1c4.jpg","Captura de tela 2026-07-23 185139.png","1","4","1080","1350","60,51","79,05"
"vitorino_185139_r2c1.jpg","Captura de tela 2026-07-23 185139.png","2","1","1080","1350","58,4","73,07"
"vitorino_185139_r2c2.jpg","Captura de tela 2026-07-23 185139.png","2","2","1080","1350","30,72","35,54"
"vitorino_185139_r2c3.jpg","Captura de tela 2026-07-23 185139.png","2","3","1080","1350","25,06","28,64"
"vitorino_185139_r2c4.jpg","Captura de tela 2026-07-23 185139.png","2","4","1080","1350","28,34","41,19"
"vitorino_185148_r1c1.jpg","Captura de tela 2026-07-23 185148.png","1","1","1080","1350","20,13","22,2"
"vitorino_185148_r1c2.jpg","Captura de tela 2026-07-23 185148.png","1","2","1080","1350","18,66","30,95"
"vitorino_185148_r1c3.jpg","Captura de tela 2026-07-23 185148.png","1","3","1080","1350","26,75","40,77"
"vitorino_185148_r1c4.jpg","Captura de tela 2026-07-23 185148.png","1","4","1080","1350","43,4","57,78"
"vitorino_185148_r2c1.jpg","Captura de tela 2026-07-23 185148.png","2","1","1080","1350","32,62","48,07"
"vitorino_185148_r2c2.jpg","Captura de tela 2026-07-23 185148.png","2","2","1080","1350","22,88","33,5"
"vitorino_185148_r2c3.jpg","Captura de tela 2026-07-23 185148.png","2","3","1080","1350","43,25","58,05"
"vitorino_185148_r2c4.jpg","Captura de tela 2026-07-23 185148.png","2","4","1080","1350","18,68","22,98"
"vitorino_185157_r1c1.jpg","Captura de tela 2026-07-23 185157.png","1","1","1080","1350","22,13","43,45"
"vitorino_185157_r1c2.jpg","Captura de tela 2026-07-23 185157.png","1","2","1080","1350","37,52","44,12"
"vitorino_185157_r1c3.jpg","Captura de tela 2026-07-23 185157.png","1","3","1080","1350","26,79","39,4"
"vitorino_185157_r1c4.jpg","Captura de tela 2026-07-23 185157.png","1","4","1080","1350","27,36","36,97"
"vitorino_185157_r2c1.jpg","Captura de tela 2026-07-23 185157.png","2","1","1080","1350","27,19","33,75"
"vitorino_185157_r2c2.jpg","Captura de tela 2026-07-23 185157.png","2","2","1080","1350","30,91","45,14"
"vitorino_185157_r2c3.jpg","Captura de tela 2026-07-23 185157.png","2","3","1080","1350","35,21","49,61"
"vitorino_185157_r2c4.jpg","Captura de tela 2026-07-23 185157.png","2","4","1080","1350","41,97","59,35"
"vitorino_185209_r1c1.jpg","Captura de tela 2026-07-23 185209.png","1","1","1080","1350","31,38","50,84"
"vitorino_185209_r1c2.jpg","Captura de tela 2026-07-23 185209.png","1","2","1080","1350","49,63","61,94"
"vitorino_185209_r1c3.jpg","Captura de tela 2026-07-23 185209.png","1","3","1080","1350","39,04","46,96"
"vitorino_185209_r1c4.jpg","Captura de tela 2026-07-23 185209.png","1","4","1080","1350","36,61","48,73"
"vitorino_185209_r2c1.jpg","Captura de tela 2026-07-23 185209.png","2","1","1080","1350","34,18","47,6"
"vitorino_185209_r2c2.jpg","Captura de tela 2026-07-23 185209.png","2","2","1080","1350","26,1","46,36"
"vitorino_185209_r2c3.jpg","Captura de tela 2026-07-23 185209.png","2","3","1080","1350","60,07","62,86"
"vitorino_185209_r2c4.jpg","Captura de tela 2026-07-23 185209.png","2","4","1080","1350","30,04","40,19"
"vitorino_185221_r1c1.jpg","Captura de tela 2026-07-23 185221.png","1","1","1080","1350","65,12","69,06"
"vitorino_185221_r1c2.jpg","Captura de tela 2026-07-23 185221.png","1","2","1080","1350","47,68","62,38"
"vitorino_185221_r1c3.jpg","Captura de tela 2026-07-23 185221.png","1","3","1080","1350","43,14","62,52"
"vitorino_185221_r1c4.jpg","Captura de tela 2026-07-23 185221.png","1","4","1080","1350","35,28","48,35"
"vitorino_185221_r2c1.jpg","Captura de tela 2026-07-23 185221.png","2","1","1080","1350","50,73","71,94"
"vitorino_185221_r2c2.jpg","Captura de tela 2026-07-23 185221.png","2","2","1080","1350","30,45","36,1"
"vitorino_185221_r2c3.jpg","Captura de tela 2026-07-23 185221.png","2","3","1080","1350","34,36","45,5"
"vitorino_185221_r2c4.jpg","Captura de tela 2026-07-23 185221.png","2","4","1080","1350","23,52","36,85"
"vitorino_185232_r1c1.jpg","Captura de tela 2026-07-23 185232.png","1","1","1080","1350","40,15","52,78"
"vitorino_185232_r1c2.jpg","Captura de tela 2026-07-23 185232.png","1","2","1080","1350","10,82","21,45"
"vitorino_185232_r1c3.jpg","Captura de tela 2026-07-23 185232.png","1","3","1080","1350","54,39","69,02"
"vitorino_185232_r1c4.jpg","Captura de tela 2026-07-23 185232.png","1","4","1080","1350","62,02","70,42"
"vitorino_185232_r2c1.jpg","Captura de tela 2026-07-23 185232.png","2","1","1080","1350","33,83","58,86"
"vitorino_185232_r2c2.jpg","Captura de tela 2026-07-23 185232.png","2","2","1080","1350","53,87","69,25"
"vitorino_185232_r2c3.jpg","Captura de tela 2026-07-23 185232.png","2","3","1080","1350","51,3","64,18"
"vitorino_185232_r2c4.jpg","Captura de tela 2026-07-23 185232.png","2","4","1080","1350","28,5","47,98"
"vitorino_185241_r1c1.jpg","Captura de tela 2026-07-23 185241.png","1","1","1080","1350","27,34","51,7"
"vitorino_185241_r1c2.jpg","Captura de tela 2026-07-23 185241.png","1","2","1080","1350","57,15","54,03"
"vitorino_185241_r1c3.jpg","Captura de tela 2026-07-23 185241.png","1","3","1080","1350","52,21","65,36"
"vitorino_185241_r1c4.jpg","Captura de tela 2026-07-23 185241.png","1","4","1080","1350","23,2","42,73"
"vitorino_185241_r2c1.jpg","Captura de tela 2026-07-23 185241.png","2","1","1080","1350","52,95","63,77"
"vitorino_185241_r2c2.jpg","Captura de tela 2026-07-23 185241.png","2","2","1080","1350","34,15","43,89"
"vitorino_185241_r2c3.jpg","Captura de tela 2026-07-23 185241.png","2","3","1080","1350","22,71","42,19"
"vitorino_185241_r2c4.jpg","Captura de tela 2026-07-23 185241.png","2","4","1080","1350","19,42","24,78"
"vitorino_185302_r1c1.jpg","Captura de tela 2026-07-23 185302.png","1","1","1080","1350","47,55","57,67"
"vitorino_185302_r1c2.jpg","Captura de tela 2026-07-23 185302.png","1","2","1080","1350","31,85","53,3"
"vitorino_185302_r1c3.jpg","Captura de tela 2026-07-23 185302.png","1","3","1080","1350","30,09","40,41"
"vitorino_185302_r1c4.jpg","Captura de tela 2026-07-23 185302.png","1","4","1080","1350","47,8","50,24"
"vitorino_185302_r2c1.jpg","Captura de tela 2026-07-23 185302.png","2","1","1080","1350","76,15","77,07"
"vitorino_185302_r2c2.jpg","Captura de tela 2026-07-23 185302.png","2","2","1080","1350","33,81","57,01"
"vitorino_185302_r2c3.jpg","Captura de tela 2026-07-23 185302.png","2","3","1080","1350","11,83","18,38"
"vitorino_185302_r2c4.jpg","Captura de tela 2026-07-23 185302.png","2","4","1080","1350","72,17","72,62"
"vitorino_185318_r1c1.jpg","Captura de tela 2026-07-23 185318.png","1","1","1080","1350","28,26","53,16"
"vitorino_185318_r1c2.jpg","Captura de tela 2026-07-23 185318.png","1","2","1080","1350","64,08","72,48"
"vitorino_185318_r1c3.jpg","Captura de tela 2026-07-23 185318.png","1","3","1080","1350","15,48","24,6"
"vitorino_185318_r1c4.jpg","Captura de tela 2026-07-23 185318.png","1","4","1080","1350","45,32","59,82"
"vitorino_185318_r2c1.jpg","Captura de tela 2026-07-23 185318.png","2","1","1080","1350","56,91","77,83"
"vitorino_185318_r2c2.jpg","Captura de tela 2026-07-23 185318.png","2","2","1080","1350","42,29","62,75"
"vitorino_185318_r2c3.jpg","Captura de tela 2026-07-23 185318.png","2","3","1080","1350","41,96","52,26"
"vitorino_185318_r2c4.jpg","Captura de tela 2026-07-23 185318.png","2","4","1080","1350","40,1","63,1"
"vitorino_185329_r1c1.jpg","Captura de tela 2026-07-23 185329.png","1","1","1080","1350","62,8","74,7"
"vitorino_185329_r1c2.jpg","Captura de tela 2026-07-23 185329.png","1","2","1080","1350","53,21","66,72"
"vitorino_185329_r1c3.jpg","Captura de tela 2026-07-23 185329.png","1","3","1080","1350","49,38","56,44"
"vitorino_185329_r1c4.jpg","Captura de tela 2026-07-23 185329.png","1","4","1080","1350","49,82","59,49"
"vitorino_185329_r2c1.jpg","Captura de tela 2026-07-23 185329.png","2","1","1080","1350","31,41","57,13"
"vitorino_185329_r2c2.jpg","Captura de tela 2026-07-23 185329.png","2","2","1080","1350","29,53","33,12"
"vitorino_185329_r2c3.jpg","Captura de tela 2026-07-23 185329.png","2","3","1080","1350","52,54","78,78"
"vitorino_185329_r2c4.jpg","Captura de tela 2026-07-23 185329.png","2","4","1080","1350","45,07","60,82"
"vitorino_185339_r1c1.jpg","Captura de tela 2026-07-23 185339.png","1","1","1080","1350","53,16","67,62"
"vitorino_185339_r1c2.jpg","Captura de tela 2026-07-23 185339.png","1","2","1080","1350","58,16","64,74"
"vitorino_185339_r1c3.jpg","Captura de tela 2026-07-23 185339.png","1","3","1080","1350","40,07","40,71"
"vitorino_185339_r1c4.jpg","Captura de tela 2026-07-23 185339.png","1","4","1080","1350","30,83","53,8"
"vitorino_185339_r2c1.jpg","Captura de tela 2026-07-23 185339.png","2","1","1080","1350","57,92","67,46"
"vitorino_185339_r2c2.jpg","Captura de tela 2026-07-23 185339.png","2","2","1080","1350","68,17","98,54"
"vitorino_185339_r2c3.jpg","Captura de tela 2026-07-23 185339.png","2","3","1080","1350","41,22","40,39"
"vitorino_185339_r2c4.jpg","Captura de tela 2026-07-23 185339.png","2","4","1080","1350","32,17","58,61"
"vitorino_185349_r1c1.jpg","Captura de tela 2026-07-23 185349.png","1","1","1080","1350","41,08","52,12"
"vitorino_185349_r1c2.jpg","Captura de tela 2026-07-23 185349.png","1","2","1080","1350","36,6","46,02"
"vitorino_185349_r1c3.jpg","Captura de tela 2026-07-23 185349.png","1","3","1080","1350","71,82","82,64"
"vitorino_185349_r1c4.jpg","Captura de tela 2026-07-23 185349.png","1","4","1080","1350","31,97","36,5"
"vitorino_185349_r2c1.jpg","Captura de tela 2026-07-23 185349.png","2","1","1080","1350","29,72","44,58"
"vitorino_185349_r2c2.jpg","Captura de tela 2026-07-23 185349.png","2","2","1080","1350","43,42","50,53"
"vitorino_185349_r2c3.jpg","Captura de tela 2026-07-23 185349.png","2","3","1080","1350","30,72","46,38"
"vitorino_185349_r2c4.jpg","Captura de tela 2026-07-23 185349.png","2","4","1080","1350","38,63","46,23"
"vitorino_185400_r1c1.jpg","Captura de tela 2026-07-23 185400.png","1","1","1080","1350","27,68","45,07"
"vitorino_185400_r1c2.jpg","Captura de tela 2026-07-23 185400.png","1","2","1080","1350","44,87","56,52"
"vitorino_185400_r1c3.jpg","Captura de tela 2026-07-23 185400.png","1","3","1080","1350","9,51","22"
"vitorino_185400_r1c4.jpg","Captura de tela 2026-07-23 185400.png","1","4","1080","1350","60,08","64,58"
"vitorino_185400_r2c1.jpg","Captura de tela 2026-07-23 185400.png","2","1","1080","1350","52,67","61,07"
"vitorino_185400_r2c2.jpg","Captura de tela 2026-07-23 185400.png","2","2","1080","1350","49,47","60,69"
"vitorino_185400_r2c3.jpg","Captura de tela 2026-07-23 185400.png","2","3","1080","1350","52,85","59,16"
"vitorino_185400_r2c4.jpg","Captura de tela 2026-07-23 185400.png","2","4","1080","1350","55,21","65,14"
"vitorino_185410_r1c1.jpg","Captura de tela 2026-07-23 185410.png","1","1","1080","1350","76,92","78,31"
"vitorino_185410_r1c2.jpg","Captura de tela 2026-07-23 185410.png","1","2","1080","1350","34,87","50,02"
"vitorino_185410_r1c3.jpg","Captura de tela 2026-07-23 185410.png","1","3","1080","1350","49,52","66,82"
"vitorino_185410_r1c4.jpg","Captura de tela 2026-07-23 185410.png","1","4","1080","1350","52,51","69,01"
"vitorino_185410_r2c1.jpg","Captura de tela 2026-07-23 185410.png","2","1","1080","1350","39,28","55,82"
"vitorino_185410_r2c2.jpg","Captura de tela 2026-07-23 185410.png","2","2","1080","1350","60,67","61,89"
"vitorino_185410_r2c3.jpg","Captura de tela 2026-07-23 185410.png","2","3","1080","1350","29,41","46,95"
"vitorino_185410_r2c4.jpg","Captura de tela 2026-07-23 185410.png","2","4","1080","1350","13,17","23,39"
"vitorino_185420_r1c1.jpg","Captura de tela 2026-07-23 185420.png","1","1","1080","1350","17,43","23,9"
"vitorino_185420_r1c2.jpg","Captura de tela 2026-07-23 185420.png","1","2","1080","1350","40,18","43,2"
"vitorino_185420_r1c3.jpg","Captura de tela 2026-07-23 185420.png","1","3","1080","1350","56,31","60,89"
"vitorino_185420_r1c4.jpg","Captura de tela 2026-07-23 185420.png","1","4","1080","1350","49,56","61,77"
"vitorino_185420_r2c1.jpg","Captura de tela 2026-07-23 185420.png","2","1","1080","1350","74,02","69,73"
"vitorino_185420_r2c2.jpg","Captura de tela 2026-07-23 185420.png","2","2","1080","1350","27,92","43,97"
"vitorino_185420_r2c3.jpg","Captura de tela 2026-07-23 185420.png","2","3","1080","1350","53,08","69,33"
"vitorino_185420_r2c4.jpg","Captura de tela 2026-07-23 185420.png","2","4","1080","1350","33,65","49,31"
"vitorino_185435_r1c1.jpg","Captura de tela 2026-07-23 185435.png","1","1","1080","1350","54,98","58,09"
"vitorino_185435_r1c2.jpg","Captura de tela 2026-07-23 185435.png","1","2","1080","1350","39,61","42,28"
"vitorino_185435_r1c3.jpg","Captura de tela 2026-07-23 185435.png","1","3","1080","1350","56,02","60,3"
"vitorino_185435_r1c4.jpg","Captura de tela 2026-07-23 185435.png","1","4","1080","1350","49,56","61,77"
"vitorino_185435_r2c1.jpg","Captura de tela 2026-07-23 185435.png","2","1","1080","1350","74,11","69,63"
"vitorino_185435_r2c2.jpg","Captura de tela 2026-07-23 185435.png","2","2","1080","1350","28,72","45,08"
"vitorino_185435_r2c3.jpg","Captura de tela 2026-07-23 185435.png","2","3","1080","1350","53,36","69,73"
"vitorino_185435_r2c4.jpg","Captura de tela 2026-07-23 185435.png","2","4","1080","1350","33,65","49,31"
"vitorino_185447_r1c1.jpg","Captura de tela 2026-07-23 185447.png","1","1","1080","1350","33,96","39,38"
"vitorino_185447_r1c2.jpg","Captura de tela 2026-07-23 185447.png","1","2","1080","1350","26,13","43,84"
"vitorino_185447_r1c3.jpg","Captura de tela 2026-07-23 185447.png","1","3","1080","1350","38,74","35,83"
"vitorino_185447_r1c4.jpg","Captura de tela 2026-07-23 185447.png","1","4","1080","1350","29,61","52,99"
"vitorino_185447_r2c1.jpg","Captura de tela 2026-07-23 185447.png","2","1","1080","1350","43,37","50,33"
"vitorino_185447_r2c2.jpg","Captura de tela 2026-07-23 185447.png","2","2","1080","1350","30,74","54,43"
"vitorino_185447_r2c3.jpg","Captura de tela 2026-07-23 185447.png","2","3","1080","1350","40,99","56,04"
"vitorino_185447_r2c4.jpg","Captura de tela 2026-07-23 185447.png","2","4","1080","1350","27,84","37,78"
"vitorino_185459_r1c1.jpg","Captura de tela 2026-07-23 185459.png","1","1","1080","1350","42,43","46,11"
"vitorino_185459_r1c2.jpg","Captura de tela 2026-07-23 185459.png","1","2","1080","1350","38,5","42,44"
"vitorino_185459_r1c3.jpg","Captura de tela 2026-07-23 185459.png","1","3","1080","1350","88,77","84,38"
"vitorino_185459_r1c4.jpg","Captura de tela 2026-07-23 185459.png","1","4","1080","1350","85,52","86,63"
"vitorino_185459_r2c1.jpg","Captura de tela 2026-07-23 185459.png","2","1","1080","1350","80,56","72,7"
"vitorino_185459_r2c2.jpg","Captura de tela 2026-07-23 185459.png","2","2","1080","1350","82,22","69,53"
"vitorino_185459_r2c3.jpg","Captura de tela 2026-07-23 185459.png","2","3","1080","1350","65,19","68,8"
"vitorino_185459_r2c4.jpg","Captura de tela 2026-07-23 185459.png","2","4","1080","1350","36,91","53,58"
"vitorino_185511_r1c1.jpg","Captura de tela 2026-07-23 185511.png","1","1","1080","1350","46,31","51,71"
"vitorino_185511_r1c2.jpg","Captura de tela 2026-07-23 185511.png","1","2","1080","1350","89,47","78,39"
"vitorino_185511_r1c3.jpg","Captura de tela 2026-07-23 185511.png","1","3","1080","1350","55,28","62,51"
"vitorino_185511_r1c4.jpg","Captura de tela 2026-07-23 185511.png","1","4","1080","1350","104,48","91,92"
"vitorino_185511_r2c1.jpg","Captura de tela 2026-07-23 185511.png","2","1","1080","1350","15,54","43,03"
"vitorino_185511_r2c2.jpg","Captura de tela 2026-07-23 185511.png","2","2","1080","1350","33,49","44,92"
"vitorino_185511_r2c3.jpg","Captura de tela 2026-07-23 185511.png","2","3","1080","1350","55,62","75,62"
"vitorino_185511_r2c4.jpg","Captura de tela 2026-07-23 185511.png","2","4","1080","1350","67,14","65,91"
"vitorino_185525_r1c1.jpg","Captura de tela 2026-07-23 185525.png","1","1","1080","1350","43,95","58,8"
"vitorino_185525_r1c2.jpg","Captura de tela 2026-07-23 185525.png","1","2","1080","1350","90,43","85,6"
"vitorino_185525_r1c3.jpg","Captura de tela 2026-07-23 185525.png","1","3","1080","1350","49,55","57,58"
"vitorino_185525_r1c4.jpg","Captura de tela 2026-07-23 185525.png","1","4","1080","1350","89,17","82,07"
"vitorino_185525_r2c1.jpg","Captura de tela 2026-07-23 185525.png","2","1","1080","1350","35,57","45,4"
"vitorino_185525_r2c2.jpg","Captura de tela 2026-07-23 185525.png","2","2","1080","1350","75,71","74,42"
"vitorino_185525_r2c3.jpg","Captura de tela 2026-07-23 185525.png","2","3","1080","1350","49,52","63,17"
"vitorino_185525_r2c4.jpg","Captura de tela 2026-07-23 185525.png","2","4","1080","1350","90,56","89,73"
"vitorino_185537_r1c1.jpg","Captura de tela 2026-07-23 185537.png","1","1","1080","1350","59,97","61,21"
"vitorino_185537_r1c2.jpg","Captura de tela 2026-07-23 185537.png","1","2","1080","1350","60,21","51,09"
"vitorino_185537_r1c3.jpg","Captura de tela 2026-07-23 185537.png","1","3","1080","1350","91,78","85,85"
"vitorino_185537_r1c4.jpg","Captura de tela 2026-07-23 185537.png","1","4","1080","1350","51,72","44,78"
"vitorino_185537_r2c1.jpg","Captura de tela 2026-07-23 185537.png","2","1","1080","1350","97,34","77,83"
"vitorino_185537_r2c2.jpg","Captura de tela 2026-07-23 185537.png","2","2","1080","1350","42,35","58,43"
"vitorino_185537_r2c3.jpg","Captura de tela 2026-07-23 185537.png","2","3","1080","1350","75,36","72,13"
"vitorino_185537_r2c4.jpg","Captura de tela 2026-07-23 185537.png","2","4","1080","1350","77,5","78,92"
"vitorino_185552_r1c1.jpg","Captura de tela 2026-07-23 185552.png","1","1","1080","1350","36,95","38,96"
"vitorino_185552_r1c2.jpg","Captura de tela 2026-07-23 185552.png","1","2","1080","1350","60,75","48,61"
"vitorino_185552_r1c3.jpg","Captura de tela 2026-07-23 185552.png","1","3","1080","1350","38,15","44,61"
"vitorino_185552_r1c4.jpg","Captura de tela 2026-07-23 185552.png","1","4","1080","1350","46,2","49,83"
"vitorino_185552_r2c1.jpg","Captura de tela 2026-07-23 185552.png","2","1","1080","1350","89,04","76,37"
"vitorino_185552_r2c2.jpg","Captura de tela 2026-07-23 185552.png","2","2","1080","1350","58,12","58,4"
"vitorino_185552_r2c3.jpg","Captura de tela 2026-07-23 185552.png","2","3","1080","1350","83,73","80,01"
"vitorino_185552_r2c4.jpg","Captura de tela 2026-07-23 185552.png","2","4","1080","1350","97,77","77,49"
"vitorino_185603_r1c1.jpg","Captura de tela 2026-07-23 185603.png","1","1","1080","1350","68,26","61,29"
"vitorino_185603_r1c2.jpg","Captura de tela 2026-07-23 185603.png","1","2","1080","1350","72,97","73,61"
"vitorino_185603_r1c3.jpg","Captura de tela 2026-07-23 185603.png","1","3","1080","1350","33,53","38,99"
"vitorino_185603_r1c4.jpg","Captura de tela 2026-07-23 185603.png","1","4","1080","1350","97,96","75,73"
"vitorino_185603_r2c1.jpg","Captura de tela 2026-07-23 185603.png","2","1","1080","1350","67,52","75,05"
"vitorino_185603_r2c2.jpg","Captura de tela 2026-07-23 185603.png","2","2","1080","1350","74,7","73,98"
"vitorino_185603_r2c3.jpg","Captura de tela 2026-07-23 185603.png","2","3","1080","1350","60,89","60,53"
"vitorino_185603_r2c4.jpg","Captura de tela 2026-07-23 185603.png","2","4","1080","1350","71,66","77,84"
"vitorino_185613_r1c1.jpg","Captura de tela 2026-07-23 185613.png","1","1","1080","1350","57,48","58,07"
"vitorino_185613_r1c2.jpg","Captura de tela 2026-07-23 185613.png","1","2","1080","1350","55,56","42,95"
"vitorino_185613_r1c3.jpg","Captura de tela 2026-07-23 185613.png","1","3","1080","1350","14,58","22,58"
"vitorino_185613_r1c4.jpg","Captura de tela 2026-07-23 185613.png","1","4","1080","1350","54,13","59,25"
"vitorino_185613_r2c1.jpg","Captura de tela 2026-07-23 185613.png","2","1","1080","1350","101,62","76,85"
"vitorino_185613_r2c2.jpg","Captura de tela 2026-07-23 185613.png","2","2","1080","1350","74,79","76,24"
"vitorino_185613_r2c3.jpg","Captura de tela 2026-07-23 185613.png","2","3","1080","1350","49,88","64,52"
"vitorino_185613_r2c4.jpg","Captura de tela 2026-07-23 185613.png","2","4","1080","1350","86,61","78,55"
"vitorino_185624_r1c1.jpg","Captura de tela 2026-07-23 185624.png","1","1","1080","1350","69,63","67,23"
"vitorino_185624_r1c2.jpg","Captura de tela 2026-07-23 185624.png","1","2","1080","1350","97,82","81,26"
"vitorino_185624_r1c3.jpg","Captura de tela 2026-07-23 185624.png","1","3","1080","1350","68,58","61,82"
"vitorino_185624_r1c4.jpg","Captura de tela 2026-07-23 185624.png","1","4","1080","1350","53,21","57,36"
"vitorino_185624_r2c1.jpg","Captura de tela 2026-07-23 185624.png","2","1","1080","1350","50,71","42,15"
"vitorino_185624_r2c2.jpg","Captura de tela 2026-07-23 185624.png","2","2","1080","1350","95,84","73,84"
"vitorino_185624_r2c3.jpg","Captura de tela 2026-07-23 185624.png","2","3","1080","1350","63,43","61,55"
"vitorino_185624_r2c4.jpg","Captura de tela 2026-07-23 185624.png","2","4","1080","1350","20,96","25,51"
"vitorino_185638_r1c1.jpg","Captura de tela 2026-07-23 185638.png","1","1","1080","1350","86,39","71,72"
"vitorino_185638_r1c2.jpg","Captura de tela 2026-07-23 185638.png","1","2","1080","1350","75,99","75,14"
"vitorino_185638_r1c3.jpg","Captura de tela 2026-07-23 185638.png","1","3","1080","1350","46,51","42,12"
"vitorino_185638_r1c4.jpg","Captura de tela 2026-07-23 185638.png","1","4","1080","1350","88,35","78,3"
"vitorino_185638_r2c1.jpg","Captura de tela 2026-07-23 185638.png","2","1","1080","1350","63,73","63,09"
"vitorino_185638_r2c2.jpg","Captura de tela 2026-07-23 185638.png","2","2","1080","1350","66,41","70,59"
"vitorino_185638_r2c3.jpg","Captura de tela 2026-07-23 185638.png","2","3","1080","1350","50,65","55,11"
"vitorino_185638_r2c4.jpg","Captura de tela 2026-07-23 185638.png","2","4","1080","1350","45,56","52,97"
"vitorino_185656_r1c1.jpg","Captura de tela 2026-07-23 185656.png","1","1","1080","1350","61,94","67,13"
"vitorino_185656_r1c2.jpg","Captura de tela 2026-07-23 185656.png","1","2","1080","1350","50,67","65,67"
"vitorino_185656_r1c3.jpg","Captura de tela 2026-07-23 185656.png","1","3","1080","1350","47,92","49,92"
"vitorino_185656_r1c4.jpg","Captura de tela 2026-07-23 185656.png","1","4","1080","1350","47,52","55,62"
